<?xml version="1.0" encoding="UTF-8"?>
<project-private xmlns="http://www.netbeans.org/ns/project-private/1">
    <editor-bookmarks xmlns="http://www.netbeans.org/ns/editor-bookmarks/2" lastBookmarkId="0"/>
    <open-files xmlns="http://www.netbeans.org/ns/projectui-open-files/2">
        <group>
            <file>file:/C:/Users/Earl/Desktop/FINALS%20WEBTEKLAB/WebTekFinals/Java%20Module/CustomerService/src/java/web/beans/Unit.java</file>
            <file>file:/C:/Users/Earl/Desktop/FINALS%20WEBTEKLAB/WebTekFinals/Java%20Module/CustomerService/src/java/web/servlets/GetProducts.java</file>
            <file>file:/C:/Users/Earl/Desktop/FINALS%20WEBTEKLAB/WebTekFinals/Java%20Module/CustomerService/src/java/web/servlets/Homes.java</file>
            <file>file:/C:/Users/Earl/Desktop/FINALS%20WEBTEKLAB/WebTekFinals/Java%20Module/CustomerService/web/WEB-INF/footer.html</file>
            <file>file:/C:/Users/Earl/Desktop/FINALS%20WEBTEKLAB/WebTekFinals/Java%20Module/CustomerService/src/java/web/servlets/GetHomes.java</file>
            <file>file:/C:/Users/Earl/Desktop/FINALS%20WEBTEKLAB/WebTekFinals/Java%20Module/CustomerService/web/index.html</file>
        </group>
    </open-files>
</project-private>
